Timestamp,Energy,Tempo,Loudness,Danceability,Acousticness,Instrumentalness
20/12/2019 00:00,0.716,119.938,-5.211,0.836,0.0196,0.0000183
20/12/2019 00:10,0.468,108.768,-7.79,0.813,0.198,0
20/12/2019 00:20,0.554,169.999,-5.29,0.726,0.0421,0
20/12/2019 00:30,0.585,97.565,-10.332,0.442,0.0984,0.391
20/12/2019 00:40,0.668,95.021,-5.898,0.695,0.182,0
20/12/2019 00:50,0.541,124.959,-6.825,0.851,0.568,0
20/12/2019 01:00,0.683,96.133,-2.881,0.697,0.0372,0
20/12/2019 01:10,0.742,127.004,-6.107,0.731,0.105,0
20/12/2019 01:20,0.676,109.971,-7.044,0.757,0.0156,0.00821
20/12/2019 01:30,0.476,147.01,-8.103,0.76,0.294,0
20/12/2019 01:40,0.607,147.207,-7.7,0.386,0.0112,0.0000138
20/12/2019 01:50,0.389,120.046,-14.505,0.905,0.74,0.162
20/12/2019 02:00,0.608,110.001,-5.222,0.795,0.0767,0.00000292
20/12/2019 02:10,0.403,143.462,-8.339,0.443,0.631,0
20/12/2019 02:20,0.581,114.958,-6.95,0.817,0.255,0.00595
20/12/2019 02:30,0.549,120.462,-11.683,0.884,0.0342,0.0724
20/12/2019 02:40,0.529,91.981,-6.87,0.791,0.0652,0.0000125
20/12/2019 02:50,0.431,157.98,-6.129,0.47,0.329,0
20/12/2019 03:00,0.4,135.984,-8.575,0.901,0.051,0
20/12/2019 03:10,0.32,91.019,-7.209,0.764,0.837,0
20/12/2019 03:20,0.28,72.795,-8.648,0.612,0.932,0
20/12/2019 03:30,0.264,119.93,-7.064,0.422,0.922,0
20/12/2019 03:40,0.275,92.6,-13.4,0.492,0.687,0
20/12/2019 03:50,0.192,139.938,-13.995,0.541,0.893,0
20/12/2019 04:00,0.0739,129.932,-15.786,0.511,0.94,0.000546
20/12/2019 04:10,0.0214,212.349,-32.398,0.297,0.995,0.934
20/12/2019 04:20,0.172,77.025,-10.636,0.559,0.907,0.000383
20/12/2019 04:30,0,0,0,0,0,0
20/12/2019 04:40,0,0,0,0,0,0
20/12/2019 04:50,0,0,0,0,0,0
20/12/2019 05:00,0,0,0,0,0,0
20/12/2019 05:10,0,0,0,0,0,0
20/12/2019 05:20,0,0,0,0,0,0
20/12/2019 05:30,0,0,0,0,0,0
20/12/2019 05:40,0,0,0,0,0,0
20/12/2019 05:50,0,0,0,0,0,0
20/12/2019 06:00,0,0,0,0,0,0
20/12/2019 06:10,0,0,0,0,0,0
20/12/2019 06:20,0,0,0,0,0,0
20/12/2019 06:30,0,0,0,0,0,0
20/12/2019 06:40,0,0,0,0,0,0
20/12/2019 06:50,0,0,0,0,0,0
20/12/2019 07:00,0,0,0,0,0,0
20/12/2019 07:10,0,0,0,0,0,0
20/12/2019 07:20,0,0,0,0,0,0
20/12/2019 07:30,0,0,0,0,0,0
20/12/2019 07:40,0,0,0,0,0,0
20/12/2019 07:50,0.127,62.829,-16.057,0.538,0.589,0.00017
20/12/2019 08:00,0.235,100.002,-8.608,0.879,0.012,0.0131
20/12/2019 08:10,0.235,121.836,-14.609,0.554,0.89,0.00328
20/12/2019 08:20,0.454,99.99,-4.802,0.803,0.352,0
20/12/2019 08:30,0.434,150.062,-8.795,0.833,0.0102,0.0219
20/12/2019 08:40,0.476,122.976,-11.076,0.607,0.0773,0
20/12/2019 08:50,0.521,95.055,-5.845,0.689,0.119,0.0000841
20/12/2019 09:00,0.498,119.936,-5.951,0.812,0.664,0.0000646
20/12/2019 09:10,0.563,100.017,-8.053,0.728,0.621,0
20/12/2019 09:20,0.6,109.233,-5.792,0.741,0.0362,0
20/12/2019 09:30,0.627,120.963,-6.029,0.748,0.131,0
20/12/2019 09:40,0.515,121.845,-10.358,0.629,0.0267,0.0000122
20/12/2019 09:50,0.67,124.011,-6.064,0.874,0.165,0
20/12/2019 10:00,0.569,107.986,-7.392,0.803,0.0623,0
20/12/2019 10:10,0.68,100.033,-5.634,0.579,0.0157,0
20/12/2019 10:20,0.531,159.786,-6.631,0.58,0.128,0.000127
20/12/2019 10:30,0.613,75.023,-4.88,0.74,0.258,0.00372
20/12/2019 10:40,0.667,80.984,-4.267,0.599,0.0533,0
20/12/2019 10:50,0.521,105.992,-10.45,0.839,0.245,0.00545
20/12/2019 11:00,0.54,129.171,-10.484,0.557,0.0339,0.00248
20/12/2019 11:10,0.67,126.069,-5.123,0.715,0.0948,0.0000039
20/12/2019 11:20,0.76,135.702,-4.706,0.552,0.0733,0
20/12/2019 11:30,0.652,113.055,-7.226,0.486,0.408,0.0000663
20/12/2019 11:40,0.782,100.954,-2.989,0.683,0.408,0
20/12/2019 11:50,0.738,159.145,-5.883,0.648,0.0408,0
20/12/2019 12:00,0.701,119.999,-4.833,0.714,0.14,0
20/12/2019 12:10,0.798,120.162,-5.665,0.934,0.266,0.0000454
20/12/2019 12:20,0.797,94.948,-4.901,0.59,0.132,0
20/12/2019 12:30,0.836,114.965,-2.396,0.744,0.0435,0
20/12/2019 12:40,0.876,129.884,-3.078,0.666,0.055,0
20/12/2019 12:50,0.764,118.997,-5.445,0.774,0.156,0
20/12/2019 13:00,0.838,104.998,-4.031,0.67,0.0604,0.000611
20/12/2019 13:10,0.72,122.993,-4.135,0.839,0.0862,0.00697
20/12/2019 13:20,0.728,130.049,-3.37,0.841,0.0847,0
20/12/2019 13:30,0.902,100.012,-2.392,0.673,0.0591,0.000262
20/12/2019 13:40,0.931,126.976,-4.152,0.726,0.0218,0.000275
20/12/2019 13:50,0.94,128.005,-3.498,0.696,0.00272,0.00000134
20/12/2019 14:00,0.925,113.528,-3.288,0.752,0.0178,0.125
20/12/2019 14:10,0.857,130.048,-5.892,0.867,0.13,0.00171
20/12/2019 14:20,0.808,92.586,-5.943,0.554,0.0876,0.00402
20/12/2019 14:30,0.835,116.041,-5.885,0.566,0.000192,0
20/12/2019 14:40,0.808,121.956,-4.861,0.671,0.02,0
20/12/2019 14:50,0.911,161.109,-2.027,0.514,0.0559,0
20/12/2019 15:00,0.843,109.012,-5.413,0.637,0.0151,0
20/12/2019 15:10,0.93,100.542,-4.344,0.512,0.168,0.00119
20/12/2019 15:20,0.8,160.078,-5.384,0.647,0.0647,0
20/12/2019 15:30,0.909,93.394,-6.474,0.586,0.0891,0.000109
20/12/2019 15:40,0.819,82.695,-4.078,0.444,0.106,0
20/12/2019 15:50,0.789,83.066,-4.874,0.616,0.053,0
20/12/2019 16:00,0.802,124.043,-5.797,0.72,0.0921,0
20/12/2019 16:10,0.869,127.966,-3.911,0.616,0.0283,0
20/12/2019 16:20,0.886,126.012,-3.106,0.535,0.000304,0.00000226
20/12/2019 16:30,0.868,184.348,-5.832,0.59,0.0962,0.000322
20/12/2019 16:40,0.848,124.987,-4.592,0.63,0.0834,0.00000434
20/12/2019 16:50,0.825,126.962,-5.322,0.715,0.171,0.00000556
20/12/2019 17:00,0.777,130,-5.194,0.73,0.105,0.000478
20/12/2019 17:10,0.768,100,-5.448,0.845,0.00733,0.00000504
20/12/2019 17:20,0.766,127.986,-4.485,0.734,0.025,0.00138
20/12/2019 17:30,0.815,126.03,-3.796,0.649,0.00125,0.0000431
20/12/2019 17:40,0.864,112.97,-3.231,0.717,0.47,0
20/12/2019 17:50,0.835,116.041,-5.885,0.566,0.000192,0
20/12/2019 18:00,0.847,143.011,-3.925,0.774,0.0279,0.0183
20/12/2019 18:10,0.727,125.968,-7.071,0.596,0.00506,0.16
20/12/2019 18:20,0.756,130.97,-6.41,0.815,0.292,0
20/12/2019 18:30,0.759,160.033,-4.978,0.466,0.0521,0
20/12/2019 18:40,0.781,104,-4.178,0.817,0.00838,0.00000521
20/12/2019 18:50,0.867,138.858,-3.704,0.779,0.0491,0.00000798
20/12/2019 19:00,0.821,118.881,-9.875,0.878,0.126,0.0461
20/12/2019 19:10,0.705,100.669,-6.18,0.701,0.18,0
20/12/2019 19:20,0.719,117.513,-6.212,0.775,0.132,0.00000179
20/12/2019 19:30,0.854,114.472,-4.523,0.877,0.0544,0.000055
20/12/2019 19:40,0.708,126.015,-7.418,0.719,0.00645,0.201
20/12/2019 19:50,0.717,100.027,-4.722,0.638,0.346,0
20/12/2019 20:00,0.636,105.005,-4.546,0.737,0.0441,0.0000666
20/12/2019 20:10,0.739,118.992,-4.541,0.822,0.0264,0.0000426
20/12/2019 20:20,0.702,99.031,-5.642,0.689,0.216,0
20/12/2019 20:30,0.74,118.008,-6.12,0.593,0.363,0.0000222
20/12/2019 20:40,0.722,99.94,-5.078,0.594,0.0764,0.0000011
20/12/2019 20:50,0.832,175.015,-3.944,0.636,0.0293,0.0000036
20/12/2019 21:00,0.76,99.945,-3.669,0.654,0.0797,0
20/12/2019 21:10,0.771,103.011,-4.029,0.783,0.0651,0.000136
20/12/2019 21:20,0.867,93.033,-4.285,0.66,0.11,0
20/12/2019 21:30,0.798,120.011,-4.582,0.719,0.0162,0.00000234
20/12/2019 21:40,0.703,95.997,-5.412,0.76,0.103,0
20/12/2019 21:50,0.716,125.008,-2.457,0.747,0.135,0
20/12/2019 22:00,0.772,146.002,-5.054,0.661,0.125,0.00015
20/12/2019 22:10,0.649,159.986,-8.293,0.672,0.353,0.00062
20/12/2019 22:20,0.684,66.001,-4.509,0.654,0.0108,0
20/12/2019 22:30,0.712,98.022,-3.923,0.694,0.133,0
20/12/2019 22:40,0.607,121.223,-4.168,0.72,0.0543,0
20/12/2019 22:50,0.698,96.021,-4.667,0.652,0.00112,0.000115
20/12/2019 23:00,0.712,98.022,-3.923,0.694,0.133,0
20/12/2019 23:10,0.612,120.058,-3.893,0.825,0.00677,0
20/12/2019 23:20,0.672,111.11,-6.311,0.863,0.0446,0
20/12/2019 23:30,0.638,120.004,-5.026,0.722,0.249,0
20/12/2019 23:40,0.777,143.003,-5.496,0.663,0.0157,0.00829
20/12/2019 23:50,0.661,107.992,-6.237,0.808,0.0358,0
21/12/2019 00:00,0.748,163.984,-5.922,0.672,0.305,0
21/12/2019 00:10,0.647,104.054,-5.865,0.635,0.192,0
21/12/2019 00:20,0.645,113.101,-4.27,0.697,0.173,0
21/12/2019 00:30,0.648,143.955,-5.626,0.708,0.0956,0
21/12/2019 00:40,0.558,110.443,-7.237,0.706,0.146,0
21/12/2019 00:50,0.669,122.668,-5.582,0.835,0.0336,0.0000692
21/12/2019 01:00,0.552,168.091,-8.177,0.73,0.18,0.0000614
21/12/2019 01:10,0.563,126.007,-7.516,0.766,0.0263,0.683
21/12/2019 01:20,0.653,73.884,-6.582,0.624,0.575,0
21/12/2019 01:30,0.557,85.043,-7.398,0.358,0.695,0
21/12/2019 01:40,0.692,103.007,-5.634,0.784,0.23,0.00000114
21/12/2019 01:50,0.535,123.003,-9.361,0.612,0.311,0.0000262
21/12/2019 02:00,0.613,144.878,-7.41,0.534,0.234,0
21/12/2019 02:10,0.55,96.976,-6.019,0.717,0.0358,0.00196
21/12/2019 02:20,0.552,92.896,-3.731,0.914,0.112,0.0000338
21/12/2019 02:30,0.518,90.007,-6.126,0.632,0.107,0
21/12/2019 02:40,0.635,103.019,-6.769,0.617,0.0498,0.0000144
21/12/2019 02:50,0.516,129.923,-9.141,0.686,0.107,0.00000946
21/12/2019 03:00,0.445,78.998,-6.061,0.781,0.474,0
21/12/2019 03:10,0.324,97.019,-11.399,0.825,0.83,0.0000949
21/12/2019 03:20,0.268,93.156,-14.108,0.393,0.571,0.195
21/12/2019 03:30,0.278,153.426,-8.454,0.387,0.464,0.00527
21/12/2019 03:40,0,0,0,0,0,0
21/12/2019 03:50,0,0,0,0,0,0
21/12/2019 04:00,0,0,0,0,0,0
21/12/2019 04:10,0,0,0,0,0,0
21/12/2019 04:20,0,0,0,0,0,0
21/12/2019 04:30,0,0,0,0,0,0
21/12/2019 04:40,0,0,0,0,0,0
21/12/2019 04:50,0,0,0,0,0,0
21/12/2019 05:00,0,0,0,0,0,0
21/12/2019 05:10,0,0,0,0,0,0
21/12/2019 05:20,0,0,0,0,0,0
21/12/2019 05:30,0,0,0,0,0,0
21/12/2019 05:40,0,0,0,0,0,0
21/12/2019 05:50,0,0,0,0,0,0
21/12/2019 06:00,0,0,0,0,0,0
21/12/2019 06:10,0,0,0,0,0,0
21/12/2019 06:20,0,0,0,0,0,0
21/12/2019 06:30,0,0,0,0,0,0
21/12/2019 06:40,0,0,0,0,0,0
21/12/2019 06:50,0,0,0,0,0,0
21/12/2019 07:00,0,0,0,0,0,0
21/12/2019 07:10,0,0,0,0,0,0
21/12/2019 07:20,0,0,0,0,0,0
21/12/2019 07:30,0,0,0,0,0,0
21/12/2019 07:40,0,0,0,0,0,0
21/12/2019 07:50,0,0,0,0,0,0
21/12/2019 08:00,0,0,0,0,0,0
21/12/2019 08:10,0,0,0,0,0,0
21/12/2019 08:20,0,0,0,0,0,0
21/12/2019 08:30,0,0,0,0,0,0
21/12/2019 08:40,0.172,77.025,-10.636,0.559,0.907,0.000383
21/12/2019 08:50,0.242,89.749,-10.517,0.589,0.914,0
21/12/2019 09:00,0.361,100.001,-9.88,0.872,0.283,0.00262
21/12/2019 09:10,0.264,91.948,-10.809,0.689,0.742,0
21/12/2019 09:20,0.321,135.047,-8.251,0.554,0.893,0
21/12/2019 09:30,0.468,108.768,-7.79,0.813,0.198,0
21/12/2019 09:40,0.567,168.419,-5.637,0.46,0.239,0.00000604
21/12/2019 09:50,0.598,134.045,-4.929,0.489,0.218,0
21/12/2019 10:00,0.581,106.047,-7.111,0.823,0.186,0.00000844
21/12/2019 10:10,0.68,89.391,-7.648,0.56,0.555,0
21/12/2019 10:20,0.517,104.992,-4.323,0.768,0.186,0.000038
21/12/2019 10:30,0.673,144.971,-5.979,0.604,0.0268,0.0000332
21/12/2019 10:40,0.697,110,-4.42,0.804,0.18,0
21/12/2019 10:50,0.545,139.943,-5.192,0.867,0.0646,0.000289
21/12/2019 11:00,0.76,135.702,-4.706,0.552,0.0733,0
21/12/2019 11:10,0.68,128.062,-6.378,0.773,0.213,0.0000157
21/12/2019 11:20,0.634,112.048,-6.264,0.897,0.00413,0
21/12/2019 11:30,0.714,118.611,-6.308,0.589,0.0551,0.00013
21/12/2019 11:40,0.595,100.021,-6.763,0.752,0.18,0
21/12/2019 11:50,0.795,79.028,-5.115,0.801,0.0417,0.000113
21/12/2019 12:00,0.744,125.985,-5.52,0.722,0.0234,0.000157
21/12/2019 12:10,0.709,98.062,-4.547,0.845,0.0233,0
21/12/2019 12:20,0.688,101.987,-3.944,0.871,0.545,0.0000102
21/12/2019 12:30,0.754,120.939,-2.573,0.91,0.0396,0.00154
21/12/2019 12:40,0.88,95.079,-2.384,0.626,0.205,0
21/12/2019 12:50,0.736,73.987,-5.109,0.692,0.0324,0
21/12/2019 13:00,0.819,110.645,-4.032,0.748,0.13,0
21/12/2019 13:10,0.79,104.043,-4.086,0.741,0.113,0
21/12/2019 13:20,0.893,122.056,-2.549,0.741,0.0435,0.0000319
21/12/2019 13:30,0.821,92.997,-3.435,0.716,0.0558,0
21/12/2019 13:40,0.808,121.956,-4.861,0.671,0.02,0
21/12/2019 13:50,0.911,161.109,-2.027,0.514,0.0559,0
21/12/2019 14:00,0.822,121.969,-6.01,0.693,0.0995,0.0000173
21/12/2019 14:10,0.981,118.193,-3.947,0.853,0.247,0.468
21/12/2019 14:20,0.916,110.007,-2.221,0.926,0.35,0.00000617
21/12/2019 14:30,0.838,120.029,-2.713,0.758,0.0992,0
21/12/2019 14:40,0.881,126.035,-5.851,0.62,0.0585,0.714
21/12/2019 14:50,0.925,113.528,-3.288,0.752,0.0178,0.125
21/12/2019 15:00,0.949,95.566,-1.951,0.505,0.144,0
21/12/2019 15:10,0.963,127.941,-2.125,0.779,0.0334,0.493
21/12/2019 15:20,0.817,98.064,-3.862,0.696,0.075,0
21/12/2019 15:30,0.801,95.881,-4.167,0.842,0.157,0.00000482
21/12/2019 15:40,0.863,173.007,-4.093,0.568,0.0405,0.00000597
21/12/2019 15:50,0.836,114.965,-2.396,0.744,0.0435,0
21/12/2019 16:00,0.804,120.028,-3.406,0.916,0.37,0.0000118
21/12/2019 16:10,0.835,153.956,-4.676,0.712,0.00623,0.00000168
21/12/2019 16:20,0.8,121.996,-4.035,0.857,0.381,0
21/12/2019 16:30,0.782,102.032,-3.526,0.709,0.0771,0.00000471
21/12/2019 16:40,0.719,89.932,-5.945,0.671,0.377,0.000119
21/12/2019 16:50,0.801,203.681,-4.962,0.539,0.0893,0.0000405
21/12/2019 17:00,0.68,100.033,-5.634,0.579,0.0157,0
21/12/2019 17:10,0.771,103.011,-4.029,0.783,0.0651,0.000136
21/12/2019 17:20,0.774,166.032,-3.876,0.628,0.032,0
21/12/2019 17:30,0.805,103.009,-5.352,0.66,0.0192,0.00000883
21/12/2019 17:40,0.634,102.013,-5.024,0.679,0.232,0
21/12/2019 17:50,0.67,124.011,-6.064,0.874,0.165,0
21/12/2019 18:00,0.713,121.028,-3.949,0.486,0.0853,0
21/12/2019 18:10,0.738,159.145,-5.883,0.648,0.0408,0
21/12/2019 18:20,0.798,120.162,-5.665,0.934,0.266,0.0000454
21/12/2019 18:30,0.693,86.009,-4.298,0.662,0.134,0
21/12/2019 18:40,0.717,103.992,-7.858,0.617,0.00564,0
21/12/2019 18:50,0.629,103.918,-5.79,0.771,0.00802,0.00252
21/12/2019 19:00,0.833,120.155,-6.063,0.667,0.195,0
21/12/2019 19:10,0.869,125.005,-3.294,0.698,0.0225,0
21/12/2019 19:20,0.716,176.618,-3.964,0.559,0.737,0
21/12/2019 19:30,0.667,80.984,-4.267,0.599,0.0533,0
21/12/2019 19:40,0.533,99.968,-6.596,0.64,0.119,0
21/12/2019 19:50,0.651,126.424,-7.565,0.559,0.0406,0
21/12/2019 20:00,0.869,127.966,-3.911,0.616,0.0283,0
21/12/2019 20:10,0.652,95.977,-3.183,0.825,0.581,0
21/12/2019 20:20,0.77,104.948,-5.114,0.73,0.138,0
21/12/2019 20:30,0.603,123.061,-4.892,0.913,0.0272,0.000503
21/12/2019 20:40,0.73,102.002,-4.729,0.717,0.383,0
21/12/2019 20:50,0.609,95.982,-7.519,0.653,0.263,0.00101
21/12/2019 21:00,0.794,104.014,-4.118,0.738,0.101,0
21/12/2019 21:10,0.647,104.054,-5.865,0.635,0.192,0
21/12/2019 21:20,0.853,106.098,-3.986,0.694,0.136,0
21/12/2019 21:30,0.761,128.044,-4.459,0.722,0.0117,0
21/12/2019 21:40,0.875,127.39,-3.682,0.696,0.134,0
21/12/2019 21:50,0.68,123.973,-4.751,0.704,0.0059,0
21/12/2019 22:00,0.861,119.963,-3.398,0.663,0.0338,0
21/12/2019 22:10,0.684,66.001,-4.509,0.654,0.0108,0
21/12/2019 22:20,0.712,98.022,-3.923,0.694,0.133,0
21/12/2019 22:30,0.694,93.944,-4.384,0.895,0.176,0
21/12/2019 22:40,0.767,143.891,-9.14,0.811,0.0507,0.0138
21/12/2019 22:50,0.552,168.091,-8.177,0.73,0.18,0.0000614
21/12/2019 23:00,0.829,174.028,-4.603,0.583,0.00864,0
21/12/2019 23:10,0.705,100.669,-6.18,0.701,0.18,0
21/12/2019 23:20,0.649,159.986,-8.293,0.672,0.353,0.00062
21/12/2019 23:30,0.648,117.983,-7.805,0.804,0.0573,0.0000349
21/12/2019 23:40,0.727,107.371,-4.687,0.801,0.0864,0.00406
21/12/2019 23:50,0.699,94.069,-3.222,0.834,0.111,0
22/12/2019 00:00,0.727,125.968,-7.071,0.596,0.00506,0.16
22/12/2019 00:10,0.656,112.949,-5.593,0.81,0.0675,0
22/12/2019 00:20,0.737,92.972,-4.796,0.756,0.184,0.000103
22/12/2019 00:30,0.715,127.435,-6.383,0.679,0.0755,0
22/12/2019 00:40,0.777,143.003,-5.496,0.663,0.0157,0.00829
22/12/2019 00:50,0.613,144.878,-7.41,0.534,0.234,0
22/12/2019 01:00,0.668,99.971,-3.935,0.734,0.0526,0
22/12/2019 01:10,0.781,104,-4.178,0.817,0.00838,0.00000521
22/12/2019 01:20,0.741,122.988,-5.873,0.739,0.013,0
22/12/2019 01:30,0.672,111.11,-6.311,0.863,0.0446,0
22/12/2019 01:40,0.639,117.97,-9.681,0.613,0.0184,0.431
22/12/2019 01:50,0.684,66.001,-4.509,0.654,0.0108,0
22/12/2019 02:00,0.521,95.055,-5.845,0.689,0.119,0.0000841
22/12/2019 02:10,0.563,100.017,-8.053,0.728,0.621,0
22/12/2019 02:20,0.685,118.016,-6.237,0.782,0.166,0.0000118
22/12/2019 02:30,0.569,107.986,-7.392,0.803,0.0623,0
22/12/2019 02:40,0.427,113.634,-6.827,0.683,0.368,0
22/12/2019 02:50,0.439,167.908,-8.591,0.54,0.635,0.0000193
22/12/2019 03:00,0.465,137.033,-8.055,0.527,0.175,0
22/12/2019 03:10,0.425,135.128,-10.965,0.701,0.328,0.13
22/12/2019 03:20,0.41,121.074,-6.543,0.953,0.175,0
22/12/2019 03:30,0.482,181.995,-9.445,0.735,0.00623,0.0144
22/12/2019 03:40,0.609,128.008,-5.64,0.918,0.0928,0
22/12/2019 03:50,0.598,96.933,-3.751,0.517,0.388,0.00000222
22/12/2019 04:00,0.463,111.98,-11.377,0.809,0.256,0.085
22/12/2019 04:10,0.535,123.003,-9.361,0.612,0.311,0.0000262
22/12/2019 04:20,0.593,125.026,-5.036,0.628,0.093,0.00000165
22/12/2019 04:30,0.552,92.896,-3.731,0.914,0.112,0.0000338
22/12/2019 04:40,0.425,91.284,-6.211,0.414,0.653,0
22/12/2019 04:50,0.454,125.139,-6.035,0.801,0.225,0
22/12/2019 05:00,0,0,0,0,0,0
22/12/2019 05:10,0,0,0,0,0,0
22/12/2019 05:20,0,0,0,0,0,0
22/12/2019 05:30,0,0,0,0,0,0
22/12/2019 05:40,0,0,0,0,0,0
22/12/2019 05:50,0,0,0,0,0,0
22/12/2019 06:00,0,0,0,0,0,0
22/12/2019 06:10,0,0,0,0,0,0
22/12/2019 06:20,0,0,0,0,0,0
22/12/2019 06:30,0,0,0,0,0,0
22/12/2019 06:40,0,0,0,0,0,0
22/12/2019 06:50,0,0,0,0,0,0
22/12/2019 07:00,0,0,0,0,0,0
22/12/2019 07:10,0,0,0,0,0,0
22/12/2019 07:20,0,0,0,0,0,0
22/12/2019 07:30,0,0,0,0,0,0
22/12/2019 07:40,0,0,0,0,0,0
22/12/2019 07:50,0,0,0,0,0,0
22/12/2019 08:00,0,0,0,0,0,0
22/12/2019 08:10,0.4,135.984,-8.575,0.901,0.051,0
22/12/2019 08:20,0.51,80.946,-5.931,0.55,0.299,0
22/12/2019 08:30,0.615,134.036,-5.022,0.689,0.352,0
22/12/2019 08:40,0.529,79.983,-6.898,0.585,0.297,0
22/12/2019 08:50,0.563,100.017,-8.053,0.728,0.621,0
22/12/2019 09:00,0.673,83.102,-10.046,0.543,0.375,0.0000765
22/12/2019 09:10,0.716,125.008,-2.457,0.747,0.135,0
22/12/2019 09:20,0.873,148.075,-3.803,0.746,0.0244,0
22/12/2019 09:30,0.619,79.998,-5.761,0.607,0.0083,0
22/12/2019 09:40,0.862,117.011,-3.292,0.639,0.049,0.00000681
22/12/2019 09:50,0.635,103.019,-6.769,0.617,0.0498,0.0000144
22/12/2019 10:00,0.754,149.882,-6.681,0.746,0.0152,0
22/12/2019 10:10,0.629,130,-6.857,0.798,0.00474,0.0000217
22/12/2019 10:20,0.696,92.88,-5.572,0.646,0.0192,0
22/12/2019 10:30,0.795,89.99,-3.293,0.646,0.0319,0
22/12/2019 10:40,0.692,116.017,-5.28,0.874,0.0412,0.0000724
22/12/2019 10:50,0.661,130.009,-6.075,0.762,0.15,0
22/12/2019 11:00,0.724,102.061,-4.856,0.601,0.0945,0.00000168
22/12/2019 11:10,0.68,132.013,-4.498,0.727,0.0101,0
22/12/2019 11:20,0.748,110.009,-4.15,0.762,0.0266,0
22/12/2019 11:30,0.804,122.973,-2.513,0.839,0.0192,0
22/12/2019 11:40,0.819,92.99,-5.946,0.773,0.426,0
22/12/2019 11:50,0.673,125.829,-4.86,0.852,0.0251,0
22/12/2019 12:00,0.784,136.245,-3.686,0.448,0.106,0.000108
22/12/2019 12:10,0.705,122.016,-4.972,0.664,0.0654,0
22/12/2019 12:20,0.793,189.891,-5.365,0.446,0.089,0
22/12/2019 12:30,0.652,95.977,-3.183,0.825,0.581,0
22/12/2019 12:40,0.863,106.008,-3.689,0.762,0.015,0
22/12/2019 12:50,0.824,118.814,-8.824,0.709,0.207,0.000307
22/12/2019 13:00,0.876,124.638,-3.859,0.395,0.0173,0.00000846
22/12/2019 13:10,0.803,106.97,-4.282,0.818,0.034,0
22/12/2019 13:20,0.763,101.965,-4.068,0.72,0.406,0
22/12/2019 13:30,0.848,65.025,-5.262,0.73,0.0494,0
22/12/2019 13:40,0.718,101.821,-4.095,0.607,0.032,0
22/12/2019 13:50,0.807,102.008,-4.644,0.679,0.0382,0.0000285
22/12/2019 14:00,0.976,142.027,-5.362,0.633,0.00281,0.0000129
22/12/2019 14:10,0.934,122.01,-4.217,0.607,0.0327,0
22/12/2019 14:20,0.868,124.994,-3.287,0.708,0.0313,0
22/12/2019 14:30,0.813,127.979,-7.798,0.816,0.0662,0.00000277
22/12/2019 14:40,0.942,129.007,-2.881,0.648,0.021,0
22/12/2019 14:50,0.861,117.965,-4.1,0.73,0.39,0
22/12/2019 15:00,0.848,124.987,-4.592,0.63,0.0834,0.00000434
22/12/2019 15:10,0.825,126.962,-5.322,0.715,0.171,0.00000556
22/12/2019 15:20,0.882,106.083,-3.078,0.698,0.127,0
22/12/2019 15:30,0.961,179.984,-2.243,0.746,0.206,0.00000184
22/12/2019 15:40,0.904,103.028,-3.694,0.643,0.0776,0
22/12/2019 15:50,0.879,110.125,-4.098,0.603,0.0184,0
22/12/2019 16:00,0.957,106.002,-3.115,0.694,0.0243,0.0000034
22/12/2019 16:10,0.809,98.007,-3.081,0.723,0.00346,0.00123
22/12/2019 16:20,0.827,145.889,-4.036,0.657,0.000704,0.00534
22/12/2019 16:30,0.829,105.811,-4.898,0.699,0.00243,0.000263
22/12/2019 16:40,0.922,116.024,-3.94,0.738,0.0034,0
22/12/2019 16:50,0.94,128.005,-3.498,0.696,0.00272,0.00000134
22/12/2019 17:00,0.736,130.014,-4.168,0.751,0.0206,0
22/12/2019 17:10,0.803,91.987,-4.156,0.807,0.602,0.00853
22/12/2019 17:20,0.647,106.96,-5.642,0.724,0.28,0
22/12/2019 17:30,0.629,122.863,-4.581,0.707,0.259,0.000016
22/12/2019 17:40,0.547,135.453,-8.092,0.435,0.494,0
22/12/2019 17:50,0.652,106.914,-3.02,0.748,0.208,0
22/12/2019 18:00,0.739,130.999,-5.354,0.662,0.00206,0.0603
22/12/2019 18:10,0.676,125.008,-4.183,0.803,0.000206,0.000105
22/12/2019 18:20,0.658,98.012,-5.796,0.71,0.154,0
22/12/2019 18:30,0.779,81.965,-5.107,0.561,0.0862,0
22/12/2019 18:40,0.696,121.969,-5.482,0.703,0.0375,0.00000565
22/12/2019 18:50,0.814,119.041,-4.414,0.738,0.132,0.00000964
22/12/2019 19:00,0.93,115.937,-2.334,0.681,0.14,0
22/12/2019 19:10,0.838,104.998,-4.031,0.67,0.0604,0.000611
22/12/2019 19:20,0.809,92.213,-4.057,0.653,0.194,0
22/12/2019 19:30,0.773,180.073,-4.736,0.595,0.0364,0.00108
22/12/2019 19:40,0.868,121.03,-4.661,0.703,0.15,0.132
22/12/2019 19:50,0.907,93.813,-3.09,0.527,0.154,0
22/12/2019 20:00,0.85,81.996,-3.989,0.576,0.136,0
22/12/2019 20:10,0.718,199.864,-5.309,0.476,0.0784,0.0000102
22/12/2019 20:20,0.841,153.982,-4.339,0.697,0.00857,0.0000441
22/12/2019 20:30,0.53,104.952,-6.347,0.866,0.517,0.00159
22/12/2019 20:40,0.627,153.131,-4.914,0.507,0.226,0
22/12/2019 20:50,0.581,114.958,-6.95,0.817,0.255,0.00595
22/12/2019 21:00,0.668,95.021,-5.898,0.695,0.182,0
22/12/2019 21:10,0.679,166.008,-4.985,0.775,0.18,0.0000726
22/12/2019 21:20,0.549,120.462,-11.683,0.884,0.0342,0.0724
22/12/2019 21:30,0.658,105.076,-6.318,0.638,0.245,0.00000377
22/12/2019 21:40,0.72,116.01,-5.181,0.763,0.00261,0.0000111
22/12/2019 21:50,0.745,101.018,-3.105,0.893,0.0642,0
22/12/2019 22:00,0.617,85.227,-5.834,0.334,0.334,0
22/12/2019 22:10,0.569,154.007,-7.979,0.706,0.501,0.0000259
22/12/2019 22:20,0.541,124.959,-6.825,0.851,0.568,0
22/12/2019 22:30,0.624,117.959,-4.093,0.855,0.158,0
22/12/2019 22:40,0.57,102.991,-7.132,0.755,0.0416,0
22/12/2019 22:50,0.631,104.999,-4.213,0.803,0.102,0.00000739
22/12/2019 23:00,0.586,120.97,-6.735,0.799,0.162,0.00000203
22/12/2019 23:10,0.747,122.531,-7.108,0.669,0.141,0
22/12/2019 23:20,0.705,154.911,-6.666,0.702,0.258,0.00000593
22/12/2019 23:30,0.702,129.956,-5.324,0.687,0.0064,0.0000435
22/12/2019 23:40,0.595,101.013,-7.51,0.742,0.15,0
22/12/2019 23:50,0.796,108.854,-4.761,0.654,0.0188,0
23/12/2019 00:00,0.791,106.044,-5.799,0.797,0.115,0.00006
23/12/2019 00:10,0.692,114.906,-3.973,0.762,0.113,0
23/12/2019 00:20,0.752,110.015,-4.813,0.743,0.0188,0
23/12/2019 00:30,0.72,122.993,-4.135,0.839,0.0862,0.00697
23/12/2019 00:40,0.819,181.958,-5.48,0.814,0.00316,0
23/12/2019 00:50,0.721,123.011,-9.133,0.781,0.0945,0.391
23/12/2019 01:00,0.728,130.049,-3.37,0.841,0.0847,0
23/12/2019 01:10,0.67,107.995,-3.882,0.603,0.00408,0.00000166
23/12/2019 01:20,0.69,100.002,-4.559,0.727,0.202,0.00000327
23/12/2019 01:30,0.575,108.036,-6.525,0.845,0.0519,0.00000466
23/12/2019 01:40,0.505,91.97,-7.621,0.752,0.535,0.00000255
23/12/2019 01:50,0.777,130,-5.194,0.73,0.105,0.000478
23/12/2019 02:00,0.539,97.062,-6.349,0.817,0.0141,0.000496
23/12/2019 02:10,0.467,90.838,-9.474,0.783,0.729,0.809
23/12/2019 02:20,0.537,96.894,-5.349,0.518,0.0519,0
23/12/2019 02:30,0.598,99.948,-6.755,0.722,0.0234,0.0000164
23/12/2019 02:40,0.432,106.824,-6.097,0.599,0.62,0.00773
23/12/2019 02:50,0.485,106.028,-5.595,0.869,0.246,0
23/12/2019 03:00,0.557,85.043,-7.398,0.358,0.695,0
23/12/2019 03:10,0.434,150.062,-8.795,0.833,0.0102,0.0219
23/12/2019 03:20,0.535,91.995,-6.216,0.726,0.0751,0
23/12/2019 03:30,0.445,78.998,-6.061,0.781,0.474,0
23/12/2019 03:40,0.389,120.046,-14.505,0.905,0.74,0.162
23/12/2019 03:50,0,0,0,0,0,0
23/12/2019 04:00,0,0,0,0,0,0
23/12/2019 04:10,0,0,0,0,0,0
23/12/2019 04:20,0,0,0,0,0,0
23/12/2019 04:30,0,0,0,0,0,0
23/12/2019 04:40,0,0,0,0,0,0
23/12/2019 04:50,0,0,0,0,0,0
23/12/2019 05:00,0,0,0,0,0,0
23/12/2019 05:10,0,0,0,0,0,0
23/12/2019 05:20,0,0,0,0,0,0
23/12/2019 05:30,0,0,0,0,0,0
23/12/2019 05:40,0,0,0,0,0,0
23/12/2019 05:50,0,0,0,0,0,0
23/12/2019 06:00,0,0,0,0,0,0
23/12/2019 06:10,0,0,0,0,0,0
23/12/2019 06:20,0,0,0,0,0,0
23/12/2019 06:30,0,0,0,0,0,0
23/12/2019 06:40,0,0,0,0,0,0
23/12/2019 06:50,0,0,0,0,0,0
23/12/2019 07:00,0,0,0,0,0,0
23/12/2019 07:10,0,0,0,0,0,0
23/12/2019 07:20,0,0,0,0,0,0
23/12/2019 07:30,0,0,0,0,0,0
23/12/2019 07:40,0,0,0,0,0,0
23/12/2019 07:50,0,0,0,0,0,0
23/12/2019 08:00,0,0,0,0,0,0
23/12/2019 08:10,0,0,0,0,0,0
23/12/2019 08:20,0.0834,98.329,-15.095,0.46,0.909,0.0000198
23/12/2019 08:30,0.0719,119.386,-17.142,0.469,0.804,0
23/12/2019 08:40,0.263,82.934,-11.984,0.614,0.627,0.00000221
23/12/2019 08:50,0.183,79.682,-14.769,0.489,0.907,0.0000384
23/12/2019 09:00,0.364,114.181,-11.099,0.568,0.75,0.00578
23/12/2019 09:10,0.419,104.564,-10.72,0.579,0.625,0
23/12/2019 09:20,0.331,78.702,-9.027,0.397,0.708,0.00000137
23/12/2019 09:30,0.355,133.03,-14.051,0.59,0.48,0
23/12/2019 09:40,0.318,103.002,-12.391,0.826,0.493,0.0131
23/12/2019 09:50,0.535,114.031,-12.521,0.808,0.179,0.0000991
23/12/2019 10:00,0.517,127.401,-7.951,0.701,0.765,0
23/12/2019 10:10,0.492,107.917,-8.119,0.711,0.454,0.0000145
23/12/2019 10:20,0.621,91.985,-6.361,0.604,0.0505,0
23/12/2019 10:30,0.595,101.632,-8.372,0.846,0.0904,0.00000196
23/12/2019 10:40,0.753,126.051,-6.461,0.711,0.028,0.0000296
23/12/2019 10:50,0.605,122.956,-5.128,0.715,0.239,0.0000141
23/12/2019 11:00,0.63,89.991,-4.644,0.654,0.153,0
23/12/2019 11:10,0.751,91.977,-3.74,0.764,0.00554,0.000237
23/12/2019 11:20,0.705,146.589,-5.859,0.724,0.067,0
23/12/2019 11:30,0.793,123.941,-4.521,0.794,0.0125,0
23/12/2019 11:40,0.654,117.046,-3.051,0.92,0.0236,0.0158
23/12/2019 11:50,0.675,101.956,-5.041,0.798,0.0912,0
23/12/2019 12:00,0.797,119.865,-5.68,0.669,0.259,0
23/12/2019 12:10,0.678,103.952,-7.159,0.693,0.0154,0.00000605
23/12/2019 12:20,0.873,126.988,-6.381,0.766,0.00627,0
23/12/2019 12:30,0.784,108.84,-6.137,0.646,0.00495,0
23/12/2019 12:40,0.731,111.973,-6.156,0.653,0.227,0
23/12/2019 12:50,0.657,110.596,-7.32,0.87,0.149,0.0102
23/12/2019 13:00,0.702,120.844,-6.657,0.88,0.0772,0.000303
23/12/2019 13:10,0.68,109.576,-4.886,0.73,0.324,0.00000379
23/12/2019 13:20,0.756,77.52,-3.617,0.699,0.565,0.00000289
23/12/2019 13:30,0.719,107.962,-11.172,0.748,0.362,0.139
23/12/2019 13:40,0.69,94.574,-6.676,0.631,0.176,0
23/12/2019 13:50,0.744,123.309,-8.718,0.681,0.28,0
23/12/2019 14:00,0.731,125.44,-7.876,0.575,0.0114,0.00000397
23/12/2019 14:10,0.693,130.013,-7.561,0.677,0.437,0
23/12/2019 14:20,0.749,114.126,-5.696,0.68,0.093,0
23/12/2019 14:30,0.728,96.99,-4.471,0.694,0.379,0
23/12/2019 14:40,0.811,117.999,-7.503,0.711,0.0328,0.000517
23/12/2019 14:50,0.918,134.055,-4.878,0.587,0.0636,0
23/12/2019 15:00,0.815,127.273,-4.909,0.888,0.23,0.000424
23/12/2019 15:10,0.921,108.002,-2.383,0.831,0.153,0.00213
23/12/2019 15:20,0.878,104.284,-7.109,0.799,0.189,0.000105
23/12/2019 15:30,0.915,122.678,-6.593,0.867,0.0687,0.00135
23/12/2019 15:40,0.579,106.978,-9.628,0.576,0.16,0
23/12/2019 15:50,0.746,107.281,-11.734,0.645,0.353,0.0228
23/12/2019 16:00,0.824,111.356,-8.971,0.623,0.0195,0.13
23/12/2019 16:10,0.878,104.284,-7.109,0.799,0.189,0.000105
23/12/2019 16:20,0.936,120.708,-4.745,0.648,0.085,0.00000693
23/12/2019 16:30,0.806,119.001,-4.618,0.851,0.12,0.00000133
23/12/2019 16:40,0.926,172.638,-4.843,0.61,0.031,0.0012
23/12/2019 16:50,0.832,144.926,-4.848,0.62,0.332,0
23/12/2019 17:00,0.93,100.542,-4.344,0.512,0.168,0.00119
23/12/2019 17:10,0.917,132.975,-6.72,0.652,0.0082,0
23/12/2019 17:20,0.92,142.599,-3.823,0.675,0.0818,0.432
23/12/2019 17:30,0.967,134.745,-2.444,0.479,0.00697,0
23/12/2019 17:40,0.949,165.032,-3.789,0.422,0.000294,0
23/12/2019 17:50,0.818,103.342,-6.202,0.565,0.0767,0
23/12/2019 18:00,0.804,119.991,-4.313,0.688,0.0819,0.00813
23/12/2019 18:10,0.731,101.654,-6.694,0.484,0.431,0
23/12/2019 18:20,0.881,98.994,-2.853,0.674,0.296,0.00000301
23/12/2019 18:30,0.783,119.975,-3.724,0.751,0.00379,0
23/12/2019 18:40,0.824,100.024,-5.892,0.778,0.284,0
23/12/2019 18:50,0.718,199.864,-5.309,0.476,0.0784,0.0000102
23/12/2019 19:00,0.819,117.986,-5.307,0.742,0.372,0
23/12/2019 19:10,0.875,120.034,-4.84,0.703,0.129,0
23/12/2019 19:20,0.831,174.245,-5.394,0.611,0.0972,0
23/12/2019 19:30,0.806,202.078,-4.936,0.31,0.00739,0
23/12/2019 19:40,0.823,128.069,-3.61,0.649,0.0245,0.000227
23/12/2019 19:50,0.795,79.028,-5.115,0.801,0.0417,0.000113
23/12/2019 20:00,0.881,138.03,-3.537,0.642,0.209,0
23/12/2019 20:10,0.84,185.966,-3.263,0.469,0.0861,0.00195
23/12/2019 20:20,0.865,119.997,-4.83,0.672,0.0401,0.00000231
23/12/2019 20:30,0.831,182.723,-5.725,0.396,0.000686,0.000035
23/12/2019 20:40,0.688,134.982,-6.828,0.685,0.173,0
23/12/2019 20:50,0.802,119.989,-8.223,0.523,0.000499,0.0102
23/12/2019 21:00,0.793,101.015,-5.711,0.618,0.204,0.0154
23/12/2019 21:10,0.803,153.315,-5.363,0.41,0.239,0
23/12/2019 21:20,0.745,180.06,-5.297,0.472,0.000607,0.0000274
23/12/2019 21:30,0.72,109.938,-4.737,0.577,0.00475,0
23/12/2019 21:40,0.852,90.01,-3.4,0.581,0.0312,0
23/12/2019 21:50,0.832,107.661,-4.862,0.793,0.236,0.0000112
23/12/2019 22:00,0.76,129.996,-3.173,0.699,0.00223,0
23/12/2019 22:10,0.899,124.944,-2.937,0.678,0.637,0
23/12/2019 22:20,0.783,124.08,-5.697,0.532,0.0038,0.0012
23/12/2019 22:30,0.822,167.997,-4.833,0.605,0.00671,0.134
23/12/2019 22:40,0.735,115.741,-4.733,0.672,0.286,0
23/12/2019 22:50,0.792,175.795,-6.968,0.633,0.185,0.000185
23/12/2019 23:00,0.706,94.019,-4.653,0.747,0.0844,0.00355
23/12/2019 23:10,0.687,76.014,-5.4,0.58,0.229,0
23/12/2019 23:20,0.784,108.84,-6.137,0.646,0.00495,0
23/12/2019 23:30,0.64,112.658,-5.305,0.885,0.765,0
23/12/2019 23:40,0.657,110.596,-7.32,0.87,0.149,0.0102
23/12/2019 23:50,0.684,162.562,-3.316,0.478,0.338,0.34
24/12/2019 00:00,0.609,117.023,-7.927,0.756,0.217,0.00474
24/12/2019 00:10,0.759,91.123,-4.854,0.51,0.034,0
24/12/2019 00:20,0.684,147.92,-4.916,0.563,0.109,0
24/12/2019 00:30,0.789,96.994,-5.297,0.561,0.000168,0
24/12/2019 00:40,0.623,104.979,-11.19,0.821,0.374,0.0391
24/12/2019 00:50,0.528,140.403,-6.789,0.762,0.0573,0
24/12/2019 01:00,0.646,97.844,-8.126,0.578,0.402,0
24/12/2019 01:10,0.558,110.443,-7.237,0.706,0.146,0
24/12/2019 01:20,0.65,90.065,-7.37,0.659,0.0507,0.0000678
24/12/2019 01:30,0.519,133.99,-5.88,0.501,0.109,0
24/12/2019 01:40,0.611,168.512,-10.657,0.55,0.0392,0
24/12/2019 01:50,0.41,139.998,-7.962,0.678,0.716,0.0000412
24/12/2019 02:00,0.532,85.03,-7.596,0.548,0.186,0.000263
24/12/2019 02:10,0.684,158.567,-16.671,0.541,0.186,0.15
24/12/2019 02:20,0.413,81.111,-6.942,0.36,0.767,0.0000129
24/12/2019 02:30,0.475,91.879,-8.432,0.576,0.229,0.0000248
24/12/2019 02:40,0,0,0,0,0,0
24/12/2019 02:50,0,0,0,0,0,0
24/12/2019 03:00,0,0,0,0,0,0
24/12/2019 03:10,0,0,0,0,0,0
24/12/2019 03:20,0,0,0,0,0,0
24/12/2019 03:30,0,0,0,0,0,0
24/12/2019 03:40,0,0,0,0,0,0
24/12/2019 03:50,0,0,0,0,0,0
24/12/2019 04:00,0,0,0,0,0,0
24/12/2019 04:10,0,0,0,0,0,0
24/12/2019 04:20,0,0,0,0,0,0
24/12/2019 04:30,0,0,0,0,0,0
24/12/2019 04:40,0,0,0,0,0,0
24/12/2019 04:50,0,0,0,0,0,0
24/12/2019 05:00,0,0,0,0,0,0
24/12/2019 05:10,0,0,0,0,0,0
24/12/2019 05:20,0,0,0,0,0,0
24/12/2019 05:30,0,0,0,0,0,0
24/12/2019 05:40,0,0,0,0,0,0
24/12/2019 05:50,0,0,0,0,0,0
24/12/2019 06:00,0,0,0,0,0,0
24/12/2019 06:10,0,0,0,0,0,0
24/12/2019 06:20,0,0,0,0,0,0
24/12/2019 06:30,0,0,0,0,0,0
24/12/2019 06:40,0.0104,136.689,-30.226,0.287,0.995,0.909
24/12/2019 06:50,0.106,112.329,-18.459,0.251,0.964,0.795
24/12/2019 07:00,0.0848,102.128,-15.099,0.561,0.913,0.0000262
24/12/2019 07:10,0.114,78.855,-18.103,0.297,0.969,0.139
24/12/2019 07:20,0.281,92.711,-12.032,0.322,0.34,0.0022
24/12/2019 07:30,0.165,68.469,-9.601,0.384,0.958,0
24/12/2019 07:40,0.239,79.238,-12.182,0.31,0.912,0.0000934
24/12/2019 07:50,0.169,101.084,-17.751,0.56,0.926,0.505
24/12/2019 08:00,0.27,62.378,-13.299,0.421,0.826,0.0795
24/12/2019 08:10,0.197,116.021,-13.852,0.703,0.986,0.847
24/12/2019 08:20,0.298,133.595,-10.378,0.303,0.819,0.109
24/12/2019 08:30,0.254,169.866,-15.42,0.422,0.548,0.831
24/12/2019 08:40,0.437,82.105,-8.084,0.526,0.923,0.839
24/12/2019 08:50,0.294,129.662,-13.022,0.368,0.376,0.000132
24/12/2019 09:00,0.224,85.728,-8.683,0.426,0.948,0
24/12/2019 09:10,0.271,129.623,-8.335,0.47,0.962,0
24/12/2019 09:20,0.154,77.746,-13.847,0.321,0.945,0.00000789
24/12/2019 09:30,0.359,79.504,-12.104,0.537,0.736,0.101
24/12/2019 09:40,0.171,119.522,-9.005,0.65,0.921,0
24/12/2019 09:50,0.232,125.045,-13.034,0.708,0.832,0.000993
24/12/2019 10:00,0.373,154.166,-7.98,0.469,0.617,0.00000221
24/12/2019 10:10,0.461,87.009,-5.646,0.485,0.44,0
24/12/2019 10:20,0.319,141.96,-10.272,0.6,0.692,0.00958
24/12/2019 10:30,0.28,72.795,-8.648,0.612,0.932,0
24/12/2019 10:40,0.247,97.013,-6.597,0.761,0.51,0.000275
24/12/2019 10:50,0.377,149.95,-8.466,0.453,0.635,0.0000018
24/12/2019 11:00,0.263,125.001,-10.411,0.579,0.819,0
24/12/2019 11:10,0.0565,123.994,-15.099,0.71,0.965,0
24/12/2019 11:20,0.163,94.972,-6.021,0.732,0.942,0
24/12/2019 11:30,0.448,144.204,-10.977,0.5,0.422,0.00000803
24/12/2019 11:40,0.356,97.001,-5.556,0.765,0.222,0
24/12/2019 11:50,0.175,112.661,-8.688,0.682,0.847,0.0000321
24/12/2019 12:00,0.21,137.123,-9.127,0.398,0.951,0
24/12/2019 12:10,0.254,168.068,-17.448,0.412,0.649,0.00124
24/12/2019 12:20,0.159,77.331,-13.966,0.27,0.919,0.559
24/12/2019 12:30,0.137,92.454,-16.332,0.242,0.901,0.0105
24/12/2019 12:40,0.261,92.107,-9.626,0.78,0.332,0
24/12/2019 12:50,0.518,151.891,-6.594,0.815,0.223,0
24/12/2019 13:00,0.432,138.011,-10.529,0.467,0.848,0.887
24/12/2019 13:10,0.349,92.962,-14.787,0.324,0.869,0.194
24/12/2019 13:20,0.316,124.989,-11.666,0.544,0.95,0.7
24/12/2019 13:30,0.347,80.026,-13.131,0.633,0.488,0.000515
24/12/2019 13:40,0.445,156.01,-9.617,0.534,0.0483,0.0000725
24/12/2019 13:50,0.355,70.44,-9.795,0.201,0.672,0.000466
24/12/2019 14:00,0.462,139.861,-7.534,0.41,0.5,0
24/12/2019 14:10,0.292,145.879,-8.554,0.5,0.746,0
24/12/2019 14:20,0.292,84.339,-6.792,0.455,0.889,0
24/12/2019 14:30,0.424,82.149,-7.203,0.336,0.503,0
24/12/2019 14:40,0.225,120.006,-14.454,0.704,0.902,0.657
24/12/2019 14:50,0.355,74.99,-12.044,0.657,0.694,0.000427
24/12/2019 15:00,0.316,140.869,-6.189,0.542,0.795,0
24/12/2019 15:10,0.292,144.963,-10.826,0.618,0.756,0
24/12/2019 15:20,0.346,95.952,-6.533,0.68,0.231,0
24/12/2019 15:30,0.333,121.075,-11.31,0.588,0.0662,0.000317
24/12/2019 15:40,0.496,137.95,-9.348,0.582,0.0857,0
24/12/2019 15:50,0.359,161.989,-11.007,0.563,0.766,0.515
24/12/2019 16:00,0.372,89.701,-5.72,0.388,0.928,0
24/12/2019 16:10,0.458,79.943,-4.6,0.545,0.367,0
24/12/2019 16:20,0.429,77.27,-7.415,0.313,0.787,0
24/12/2019 16:30,0.47,75.955,-10.095,0.378,0.863,0
24/12/2019 16:40,0.378,91.835,-8.273,0.653,0.658,0
24/12/2019 16:50,0.38,77.944,-7.073,0.632,0.852,0
24/12/2019 17:00,0.584,86.909,-6.894,0.493,0.85,0.000353
24/12/2019 17:10,0.623,114.389,-8.714,0.49,0.231,0.262
24/12/2019 17:20,0.51,114.956,-10.979,0.65,0.676,0.848
24/12/2019 17:30,0.31,111.893,-10.164,0.621,0.945,0.0000612
24/12/2019 17:40,0.543,107.969,-6.164,0.696,0.308,0
24/12/2019 17:50,0.432,97.022,-9.481,0.656,0.443,0
24/12/2019 18:00,0.394,117.489,-10.102,0.689,0.711,0.000905
24/12/2019 18:10,0.602,161.01,-6.354,0.336,0.0635,0
24/12/2019 18:20,0.449,123.932,-6.706,0.674,0.566,0
24/12/2019 18:30,0.507,83.093,-6.24,0.553,0.473,0
24/12/2019 18:40,0.656,104.036,-5.886,0.638,0.188,0
24/12/2019 18:50,0.607,117.817,-6.605,0.584,0.426,0
24/12/2019 19:00,0.53,108.038,-7.259,0.63,0.4,0
24/12/2019 19:10,0.649,99.099,-4.062,0.545,0.143,0.0000157
24/12/2019 19:20,0.599,134.144,-4.892,0.449,0.211,0
24/12/2019 19:30,0.445,56.968,-5.776,0.426,0.183,0
24/12/2019 19:40,0.718,151.912,-6.336,0.394,0.706,0
24/12/2019 19:50,0.657,133.188,-4.787,0.546,0.0928,0
24/12/2019 20:00,0.702,124.909,-4.271,0.588,0.104,0
24/12/2019 20:10,0.703,97.968,-3.885,0.665,0.128,0
24/12/2019 20:20,0.806,148.036,-4.75,0.404,0.198,0
24/12/2019 20:30,0.833,107.936,-3.337,0.577,0.0137,0
24/12/2019 20:40,0.701,137.97,-6.58,0.728,0.0945,0.0000208
24/12/2019 20:50,0.808,107.975,-5.051,0.503,0.0254,0.00162
24/12/2019 21:00,0.857,126.979,-3.78,0.578,0.00548,0.00162
24/12/2019 21:10,0.714,147.997,-5.68,0.662,0.312,0
24/12/2019 21:20,0.76,127.976,-6.839,0.706,0.197,0.00000193
24/12/2019 21:30,0.826,158.032,-2.888,0.521,0.138,0
24/12/2019 21:40,0.894,142.051,-4.592,0.63,0.255,0
24/12/2019 21:50,0.714,155.954,-4.516,0.515,0.286,0
24/12/2019 22:00,0.775,174.086,-4.325,0.545,0.00636,0
24/12/2019 22:10,0.789,83.066,-4.874,0.616,0.053,0
24/12/2019 22:20,0.545,137.941,-4.874,0.459,0.142,0
24/12/2019 22:30,0.631,189.583,-6.617,0.258,0.281,0
24/12/2019 22:40,0.654,132.08,-6.577,0.701,0.177,0
24/12/2019 22:50,0.491,94.378,-9.726,0.738,0.626,0
24/12/2019 23:00,0.57,91.917,-8.077,0.692,0.666,0
24/12/2019 23:10,0.538,143.95,-5.408,0.556,0.0689,0
24/12/2019 23:20,0.585,126.058,-7.343,0.8,0.264,0
24/12/2019 23:30,0,0,0,0,0,0
24/12/2019 23:40,0,0,0,0,0,0
24/12/2019 23:50,0,0,0,0,0,0
25/12/2019 00:00,0,0,0,0,0,0
25/12/2019 00:10,0,0,0,0,0,0
25/12/2019 00:20,0,0,0,0,0,0
25/12/2019 00:30,0,0,0,0,0,0
25/12/2019 00:40,0,0,0,0,0,0
25/12/2019 00:50,0,0,0,0,0,0
25/12/2019 01:00,0,0,0,0,0,0
25/12/2019 01:10,0,0,0,0,0,0
25/12/2019 01:20,0,0,0,0,0,0
25/12/2019 01:30,0,0,0,0,0,0
25/12/2019 01:40,0,0,0,0,0,0
25/12/2019 01:50,0,0,0,0,0,0
25/12/2019 02:00,0,0,0,0,0,0
25/12/2019 02:10,0,0,0,0,0,0
25/12/2019 02:20,0,0,0,0,0,0
25/12/2019 02:30,0,0,0,0,0,0
25/12/2019 02:40,0,0,0,0,0,0
25/12/2019 02:50,0,0,0,0,0,0
25/12/2019 03:00,0,0,0,0,0,0
25/12/2019 03:10,0,0,0,0,0,0
25/12/2019 03:20,0,0,0,0,0,0
25/12/2019 03:30,0,0,0,0,0,0
25/12/2019 03:40,0,0,0,0,0,0
25/12/2019 03:50,0,0,0,0,0,0
25/12/2019 04:00,0,0,0,0,0,0
25/12/2019 04:10,0,0,0,0,0,0
25/12/2019 04:20,0,0,0,0,0,0
25/12/2019 04:30,0,0,0,0,0,0
25/12/2019 04:40,0,0,0,0,0,0
25/12/2019 04:50,0,0,0,0,0,0
25/12/2019 05:00,0,0,0,0,0,0
25/12/2019 05:10,0,0,0,0,0,0
25/12/2019 05:20,0,0,0,0,0,0
25/12/2019 05:30,0,0,0,0,0,0
25/12/2019 05:40,0,0,0,0,0,0
25/12/2019 05:50,0,0,0,0,0,0
25/12/2019 06:00,0,0,0,0,0,0
25/12/2019 06:10,0,0,0,0,0,0
25/12/2019 06:20,0,0,0,0,0,0
25/12/2019 06:30,0,0,0,0,0,0
25/12/2019 06:40,0,0,0,0,0,0
25/12/2019 06:50,0.224,124.44,-10.024,0.567,0.887,0
25/12/2019 07:00,0.207,140.068,-10.926,0.565,0.892,0.0000018
25/12/2019 07:10,0.436,91.485,-12.245,0.643,0.724,0.459
25/12/2019 07:20,0.417,134.956,-9.632,0.509,0.77,0.0946
25/12/2019 07:30,0.353,92.001,-10.985,0.525,0.596,0
25/12/2019 07:40,0.447,81.005,-11.342,0.577,0.554,0.0836
25/12/2019 07:50,0.563,126.007,-7.516,0.766,0.0263,0.683
25/12/2019 08:00,0.74,118.008,-6.12,0.593,0.363,0.0000222
25/12/2019 08:10,0.711,203.867,-5.494,0.524,0.0567,0
25/12/2019 08:20,0.593,125.026,-5.036,0.628,0.093,0.00000165
25/12/2019 08:30,0.747,126.014,-4.061,0.773,0.0239,0.00000823
25/12/2019 08:40,0.638,120.004,-5.026,0.722,0.249,0
25/12/2019 08:50,0.708,175.855,-4.192,0.453,0.0242,0.00000616
25/12/2019 09:00,0.766,127.96,-6.375,0.743,0.0873,0
25/12/2019 09:10,0.733,104.009,-6.564,0.66,0.00254,0.00146
25/12/2019 09:20,0.8,160.078,-5.384,0.647,0.0647,0
25/12/2019 09:30,0.645,113.101,-4.27,0.697,0.173,0
25/12/2019 09:40,0.717,100.027,-4.722,0.638,0.346,0
25/12/2019 09:50,0.867,115.005,-3.892,0.694,0.136,0
25/12/2019 10:00,0.907,114.523,-5.852,0.545,0.0583,0
25/12/2019 10:10,0.624,130.236,-4.341,0.629,0.283,0.177
25/12/2019 10:20,0.963,158.121,-2.901,0.405,0.0352,0
25/12/2019 10:30,0.614,134.95,-7.103,0.577,0.104,0.263
25/12/2019 10:40,0.794,124.038,-5.866,0.703,0.175,0.00131
25/12/2019 10:50,0.713,93.006,-5.52,0.714,0.0114,0.0183
25/12/2019 11:00,0.655,118.334,-6.332,0.688,0.35,0.0000239
25/12/2019 11:10,0.805,103.009,-5.352,0.66,0.0192,0.00000883
25/12/2019 11:20,0.596,98.95,-5.427,0.553,0.329,0.469
25/12/2019 11:30,0.442,168.816,-15.201,0.514,0.384,0.44
25/12/2019 11:40,0.526,122.06,-8.524,0.576,0.323,0.00000201
25/12/2019 11:50,0.693,115.04,-5.644,0.735,0.0296,0
25/12/2019 12:00,0.785,140.046,-4.013,0.599,0.448,0.00336
25/12/2019 12:10,0.608,89.661,-5.085,0.622,0.138,0.00000538
25/12/2019 12:20,0.828,150.742,-3.956,0.349,0.151,0.196
25/12/2019 12:30,0.683,117.072,-7.141,0.497,0.573,0.000432
25/12/2019 12:40,0.779,123.014,-8.189,0.722,0.323,0.00459
25/12/2019 12:50,0.938,154.669,-7.72,0.46,0.0719,0.0153
25/12/2019 13:00,0.562,81.724,-12.418,0.473,0.0561,0.0000258
25/12/2019 13:10,0.591,124.985,-5.378,0.667,0.412,0.0153
25/12/2019 13:20,0.681,125.971,-8.343,0.346,0.236,0.0545
25/12/2019 13:30,0.661,155.683,-13.156,0.43,1.14E-05,0.839
25/12/2019 13:40,0.658,94.987,-8.888,0.502,0.0438,0.00927
25/12/2019 13:50,0.756,82.177,-8.198,0.544,0.00732,0.000221
25/12/2019 14:00,0.959,115.406,-5.288,0.562,0.000278,0.534
25/12/2019 14:10,0.495,110.916,-7.889,0.46,0.00258,0.00000568
25/12/2019 14:20,0.669,140.106,-9.997,0.548,0.628,0.0466
25/12/2019 14:30,0.809,139.264,-6.769,0.221,0.00543,0.419
25/12/2019 14:40,0.674,95.036,-8.734,0.54,0.0978,0.156
25/12/2019 14:50,0.594,135.002,-6.2,0.795,0.111,0
25/12/2019 15:00,0.62,95.078,-5.117,0.68,0.319,0.00000114
25/12/2019 15:10,0.679,149.972,-5.893,0.689,0.195,0.00111
25/12/2019 15:20,0.836,102.998,-3.175,0.789,0.257,0.0000306
25/12/2019 15:30,0.488,122.75,-6.911,0.786,0.739,0.000713
25/12/2019 15:40,0.587,153,-7.13,0.671,0.014,0.00501
25/12/2019 15:50,0.548,99.003,-6.899,0.823,0.443,0.000937
25/12/2019 16:00,0.684,110.018,-6.662,0.722,0.142,0.0000012
25/12/2019 16:10,0.56,129.019,-7.086,0.747,0.169,0
25/12/2019 16:20,0.743,133.908,-6.272,0.646,0.0309,0.0000183
25/12/2019 16:30,0.56,110.922,-5.892,0.874,0.044,0.0147
25/12/2019 16:40,0.6,148.959,-8.237,0.52,0.00952,0
25/12/2019 16:50,0.674,119.055,-9.652,0.685,0.163,0.00618
25/12/2019 17:00,0.507,74.737,-9.026,0.397,0.259,0.0447
25/12/2019 17:10,0.508,124.907,-8.473,0.688,0.646,0.00316
25/12/2019 17:20,0.585,81.045,-8.26,0.571,0.306,0
25/12/2019 17:30,0.668,120.005,-7.746,0.703,0.0428,0.000408
25/12/2019 17:40,0.772,103.035,-4.264,0.708,0.0267,0
25/12/2019 17:50,0.96,147.938,-3.708,0.565,0.0839,0
25/12/2019 18:00,0.875,127.39,-3.682,0.696,0.134,0
25/12/2019 18:10,0.703,139.983,-11.306,0.621,0.256,0.503
25/12/2019 18:20,0.79,127.946,-3.782,0.509,0.332,0.0000667
25/12/2019 18:30,0.879,139.932,-5.876,0.707,0.0219,0.373
25/12/2019 18:40,0.901,105.037,-4.822,0.677,0.242,0.00000301
25/12/2019 18:50,0.866,150.034,-4.347,0.448,0.00222,0.0000218
25/12/2019 19:00,0.901,125.953,-2.686,0.71,0.00828,0.0000134
25/12/2019 19:10,0.762,107.034,-5.153,0.649,0.0852,0.00383
25/12/2019 19:20,0.697,169.99,-4.753,0.471,0.0661,0.0000364
25/12/2019 19:30,0.922,146.078,-4.457,0.641,0.0291,0
25/12/2019 19:40,0.529,94.013,-7.523,0.66,0.269,0.0000136
25/12/2019 19:50,0.773,152.045,-3.736,0.452,0.16,0.0000341
25/12/2019 20:00,0.743,122.035,-4.08,0.64,0.269,0
25/12/2019 20:10,0.723,123.988,-8.128,0.618,0.000861,0
25/12/2019 20:20,0.712,89.985,-4.423,0.748,0.324,0
25/12/2019 20:30,0.781,90.035,-4.839,0.844,0.0498,0
25/12/2019 20:40,0.734,176.033,-6.817,0.657,0.649,0.299
25/12/2019 20:50,0.706,95.593,-7.494,0.795,0.0172,0.000384
25/12/2019 21:00,0.612,159.527,-5.359,0.407,0.0909,0
25/12/2019 21:10,0.513,136.171,-6.098,0.474,0.0123,0.0402
25/12/2019 21:20,0.651,77.866,-8.755,0.731,0.0117,0
25/12/2019 21:30,0.561,123.179,-10.816,0.601,0.291,0.0723
25/12/2019 21:40,0.663,80.299,-3.972,0.506,0.086,0
25/12/2019 21:50,0.662,120.082,-8.585,0.799,0.00482,0.000505
25/12/2019 22:00,0.591,141.703,-5.605,0.343,0.286,0.000011
25/12/2019 22:10,0.416,113.986,-8.92,0.324,0.262,0.0000369
25/12/2019 22:20,0.514,74.997,-6.57,0.214,0.443,0.00000655
25/12/2019 22:30,0.479,136.827,-9.643,0.255,0.416,0.579
25/12/2019 22:40,0.403,143.462,-8.339,0.443,0.631,0
25/12/2019 22:50,0.571,148.964,-11.972,0.658,0.106,0
25/12/2019 23:00,0.491,128.258,-8.993,0.569,0.374,0
25/12/2019 23:10,0.582,91.974,-7.703,0.428,0.485,0
25/12/2019 23:20,0.431,145.855,-9.287,0.646,0.149,0.000428
25/12/2019 23:30,0.458,127.629,-9.094,0.503,0.61,0.00000381
25/12/2019 23:40,0.564,99.019,-6.431,0.88,0.0796,0
25/12/2019 23:50,0.47,133.02,-8.467,0.856,0.344,0
26/12/2019 00:00,0.374,141.919,-7.851,0.766,0.432,0.000107
26/12/2019 00:10,0.464,107.982,-11.918,0.617,0.497,0.00000708
26/12/2019 00:20,0.504,144.215,-10.827,0.671,0.788,0
26/12/2019 00:30,0.365,68.101,-7.825,0.45,0.823,0.000147
26/12/2019 00:40,0.385,86.741,-10.133,0.506,0.738,0.00572
26/12/2019 00:50,0.462,85.973,-6.705,0.497,0.443,0
26/12/2019 01:00,0.347,92.268,-9.467,0.3,0.816,0.0000261
26/12/2019 01:10,0.257,130.231,-9.252,0.455,0.596,0.0000164
26/12/2019 01:20,0.408,116.831,-8.841,0.86,0.203,0
26/12/2019 01:30,0.249,124.243,-12.161,0.686,0.847,0
26/12/2019 01:40,0.399,98.067,-6.553,0.899,0.607,0.0000152
26/12/2019 01:50,0.187,171.241,-17.874,0.299,0.781,0.0000186
26/12/2019 02:00,0.229,127.718,-10.15,0.727,0.863,0.0000024
26/12/2019 02:10,0.128,92.954,-19.02,0.511,0.723,0.806
26/12/2019 02:20,0.169,110.712,-12.088,0.442,0.911,0
26/12/2019 02:30,0.0985,131.158,-10.76,0.426,0.916,0
26/12/2019 02:40,0.0735,120.238,-15.621,0.45,0.956,0.0503
26/12/2019 02:50,0.0807,93.925,-16.066,0.632,0.933,0.00000481
26/12/2019 03:00,0,0,0,0,0,0
26/12/2019 03:10,0,0,0,0,0,0
26/12/2019 03:20,0,0,0,0,0,0
26/12/2019 03:30,0,0,0,0,0,0
26/12/2019 03:40,0,0,0,0,0,0
26/12/2019 03:50,0,0,0,0,0,0
26/12/2019 04:00,0,0,0,0,0,0
26/12/2019 04:10,0,0,0,0,0,0
26/12/2019 04:20,0,0,0,0,0,0
26/12/2019 04:30,0,0,0,0,0,0
26/12/2019 04:40,0,0,0,0,0,0
26/12/2019 04:50,0,0,0,0,0,0
26/12/2019 05:00,0,0,0,0,0,0
26/12/2019 05:10,0,0,0,0,0,0
26/12/2019 05:20,0,0,0,0,0,0
26/12/2019 05:30,0,0,0,0,0,0
26/12/2019 05:40,0,0,0,0,0,0
26/12/2019 05:50,0,0,0,0,0,0
26/12/2019 06:00,0,0,0,0,0,0
26/12/2019 06:10,0,0,0,0,0,0
26/12/2019 06:20,0,0,0,0,0,0
26/12/2019 06:30,0,0,0,0,0,0
26/12/2019 06:40,0,0,0,0,0,0
26/12/2019 06:50,0,0,0,0,0,0
26/12/2019 07:00,0,0,0,0,0,0
26/12/2019 07:10,0,0,0,0,0,0
26/12/2019 07:20,0,0,0,0,0,0
26/12/2019 07:30,0,0,0,0,0,0
26/12/2019 07:40,0,0,0,0,0,0
26/12/2019 07:50,0,0,0,0,0,0
26/12/2019 08:00,0,0,0,0,0,0
26/12/2019 08:10,0,0,0,0,0,0
26/12/2019 08:20,0.0991,119.127,-18.512,0.558,0.979,0.0183
26/12/2019 08:30,0.191,104.03,-12.606,0.766,0.932,0.00000795
26/12/2019 08:40,0.299,115.405,-7.744,0.619,0.846,0.0000499
26/12/2019 08:50,0.383,154.001,-13.195,0.629,0.735,0.0259
26/12/2019 09:00,0.245,106.996,-15.171,0.63,0.971,0.709
26/12/2019 09:10,0.386,105.85,-15.443,0.782,0.0184,0
26/12/2019 09:20,0.347,110.059,-9.529,0.868,0.308,0.00002
26/12/2019 09:30,0.39,97.822,-10.913,0.541,0.807,0.00673
26/12/2019 09:40,0.269,128.652,-11.886,0.56,0.811,0
26/12/2019 09:50,0.297,84.099,-10.826,0.282,0.937,0.545
26/12/2019 10:00,0.304,67.553,-11.311,0.411,0.791,0.402
26/12/2019 10:10,0.243,126.063,-9.083,0.494,0.822,0.00225
26/12/2019 10:20,0.244,82.105,-11.706,0.526,0.726,0.00000958
26/12/2019 10:30,0.382,87.801,-9.465,0.535,0.282,0.0000114
26/12/2019 10:40,0.351,81.082,-10.708,0.397,0.818,0.021
26/12/2019 10:50,0.382,74.661,-10.525,0.0674,0.369,0.88
26/12/2019 11:00,0.141,149.888,-18.564,0.41,0.932,0.0898
26/12/2019 11:10,0.208,96.609,-16.225,0.629,0.824,0.0000037
26/12/2019 11:20,0.326,116.659,-15.605,0.367,0.699,0.358
26/12/2019 11:30,0.478,88.979,-5.702,0.607,0.649,0
26/12/2019 11:40,0.141,149.609,-15.477,0.481,0.914,0.000086
26/12/2019 11:50,0.305,120.013,-6.165,0.81,0.28,0.000116
26/12/2019 12:00,0.291,120.74,-11.5,0.533,0.233,0.204
26/12/2019 12:10,0.261,125.329,-13.778,0.596,0.967,0.00454
26/12/2019 12:20,0.333,72,-9.949,0.65,0.2,0.000148
26/12/2019 12:30,0.363,88.377,-11.674,0.604,0.876,0.166
26/12/2019 12:40,0.144,117.462,-16.868,0.555,0.842,0.000281
26/12/2019 12:50,0.48,129.162,-8.906,0.404,0.274,0.00000863
26/12/2019 13:00,0.381,112.824,-6.774,0.228,0.505,0.00441
26/12/2019 13:10,0.469,152.867,-10.02,0.58,0.57,0.0122
26/12/2019 13:20,0.471,70.702,-8.664,0.608,0.446,0.00000363
26/12/2019 13:30,0.592,114.99,-7.556,0.629,0.512,0
26/12/2019 13:40,0.64,79.297,-5.862,0.468,0.154,0
26/12/2019 13:50,0.552,122.753,-9.408,0.674,0.685,0.0000263
26/12/2019 14:00,0.496,166.628,-9.752,0.196,0.447,0.103
26/12/2019 14:10,0.557,85.043,-7.398,0.358,0.695,0
26/12/2019 14:20,0.46,96.948,-13.928,0.466,0.518,0.393
26/12/2019 14:30,0.648,77.971,-4.024,0.524,0.00227,0
26/12/2019 14:40,0.457,84.038,-7.533,0.753,0.119,0.00000115
26/12/2019 14:50,0.587,125.048,-6.568,0.77,0.0772,0.00000289
26/12/2019 15:00,0.512,91.947,-6.869,0.701,0.235,0.00000507
26/12/2019 15:10,0.677,114.37,-12.244,0.653,0.249,0
26/12/2019 15:20,0.645,110.01,-6.93,0.801,0.0457,0
26/12/2019 15:30,0.68,82.491,-5.819,0.566,5.13E-05,0.00000872
26/12/2019 15:40,0.624,105.002,-7.482,0.693,0.299,0.00000764
26/12/2019 15:50,0.603,126.088,-5.014,0.655,0.0959,0
26/12/2019 16:00,0.586,76.991,-6.271,0.676,0.306,0
26/12/2019 16:10,0.623,104.974,-8.36,0.702,0.322,0
26/12/2019 16:20,0.573,136.915,-6.334,0.791,0.012,0.000142
26/12/2019 16:30,0.518,101.986,-7.419,0.749,0.181,0
26/12/2019 16:40,0.784,109.969,-4.724,0.69,0.01,0.0000408
26/12/2019 16:50,0.627,105.956,-8.008,0.678,0.0704,0
26/12/2019 17:00,0.499,92.008,-7.785,0.657,0.492,0
26/12/2019 17:10,0.678,87.436,-5.595,0.292,0.192,0
26/12/2019 17:20,0.715,94.992,-7.944,0.689,0.00935,0.00076
26/12/2019 17:30,0.65,110.003,-3.539,0.733,0.0703,0.0000659
26/12/2019 17:40,0.418,159.764,-12.7,0.555,0.309,0.00119
26/12/2019 17:50,0.55,100.012,-7.081,0.575,0.0876,0
26/12/2019 18:00,0.415,136.029,-8.914,0.74,0.242,0.000156
26/12/2019 18:10,0.683,101.979,-6.937,0.836,0.594,0.0000294
26/12/2019 18:20,0.544,129.941,-7.428,0.379,0.422,0
26/12/2019 18:30,0.662,104.122,-9.182,0.61,0.57,0.00846
26/12/2019 18:40,0.513,87.426,-11.05,0.462,0.326,0.0572
26/12/2019 18:50,0.557,81.024,-7.269,0.627,0.631,0
26/12/2019 19:00,0.654,122.442,-11.187,0.569,0.000238,0.0053
26/12/2019 19:10,0.497,129.004,-3.114,0.593,0.821,0
26/12/2019 19:20,0.423,90.019,-7.705,0.63,0.507,0.00000224
26/12/2019 19:30,0.678,109.157,-5.898,0.533,0.201,0.00000968
26/12/2019 19:40,0.647,95.991,-7.892,0.609,0.0236,0.000102
26/12/2019 19:50,0.58,120.021,-6.548,0.783,0.0114,0.00000228
26/12/2019 20:00,0.672,117.96,-9.188,0.671,0.103,0.0000398
26/12/2019 20:10,0.665,120.997,-5.779,0.836,0.308,0.000925
26/12/2019 20:20,0.709,165.927,-5.211,0.48,0.00281,0.118
26/12/2019 20:30,0.7,110.979,-6.487,0.566,0.00119,0
26/12/2019 20:40,0.668,113.913,-7.503,0.661,0.00605,0
26/12/2019 20:50,0.561,114.94,-6.673,0.872,0.242,0.00000801
26/12/2019 21:00,0.677,117.005,-3.842,0.858,0.0752,0
26/12/2019 21:10,0.58,115.067,-8.085,0.76,0.252,0.00000171
26/12/2019 21:20,0.688,114.011,-5.84,0.688,0.3,0
26/12/2019 21:30,0.714,144.982,-5.247,0.575,0.395,0
26/12/2019 21:40,0.688,110.045,-5.471,0.735,0.21,0.0000311
26/12/2019 21:50,0.525,112.022,-6.832,0.878,0.183,0
26/12/2019 22:00,0.504,125.914,-8.925,0.465,0.0021,0.000147
26/12/2019 22:10,0.591,114.078,-5.197,0.658,0.00959,0.00000527
26/12/2019 22:20,0.558,182.021,-5.497,0.522,0.376,0
26/12/2019 22:30,0.548,82.944,-4.29,0.766,0.775,0.00000557
26/12/2019 22:40,0.726,77.226,-3.845,0.41,0.203,0
26/12/2019 22:50,0.684,130.03,-6.854,0.77,0.0219,0.0000616
26/12/2019 23:00,0.673,88.533,-4.301,0.383,0.00255,0.0201
26/12/2019 23:10,0.744,128.054,-7.792,0.673,0.292,0.00000104
26/12/2019 23:20,0.602,112.89,-6.888,0.638,0.599,0
26/12/2019 23:30,0.623,177.973,-5.766,0.552,0.0122,0.0123
26/12/2019 23:40,0.636,94.969,-6.591,0.496,0.104,0
26/12/2019 23:50,0.422,105.024,-8.371,0.665,0.222,0
27/12/2019 00:00,0.575,95.116,-10.325,0.603,0.811,0.00183
27/12/2019 00:10,0.437,127.318,-8.822,0.46,0.804,0.0000165
27/12/2019 00:20,0.486,99.187,-9.723,0.823,0.0103,0.00362
27/12/2019 00:30,0.516,93.5,-9.267,0.763,0.0542,0.000689
27/12/2019 00:40,0.489,163.814,-7.849,0.497,0.111,0.00167
27/12/2019 00:50,0.481,130.024,-7.424,0.553,0.408,0.35
27/12/2019 01:00,0.312,80.514,-16.105,0.622,0.902,0.401
27/12/2019 01:10,0.35,149.995,-12.205,0.568,0.053,0.92
27/12/2019 01:20,0.478,99.979,-7.512,0.65,0.268,0
27/12/2019 01:30,0.345,174.195,-9.44,0.765,0.443,0.0000229
27/12/2019 01:40,0.331,103.941,-10.137,0.58,0.635,0.0000142
27/12/2019 01:50,0.234,100.198,-17.026,0.571,0.557,0.0436
27/12/2019 02:00,0.397,95.063,-9.349,0.505,0.716,0
27/12/2019 02:10,0.449,132.639,-8.078,0.538,0.344,0
27/12/2019 02:20,0.178,123.01,-23.14,0.681,0.742,0.000231
27/12/2019 02:30,0.306,154.188,-13.322,0.286,0.772,0.881
27/12/2019 02:40,0.207,125.081,-10.463,0.663,0.789,0.0137
27/12/2019 02:50,0.295,74.037,-8.528,0.659,0.426,0.0000695
27/12/2019 03:00,0.314,119.906,-7.82,0.694,0.612,0.00000204
27/12/2019 03:10,0.368,79.697,-12.486,0.568,0.321,0.000618
27/12/2019 03:20,0.253,125.001,-12.31,0.431,0.871,0
27/12/2019 03:30,0.468,121.874,-9.73,0.524,0.099,0.00131
27/12/2019 03:40,0.181,119.557,-15.221,0.394,0.9,0.0000221
27/12/2019 03:50,0.273,84.989,-17.055,0.425,0.815,0.0953
27/12/2019 04:00,0.103,72.98,-19.155,0.437,0.803,0.00631
27/12/2019 04:10,0.282,91.367,-7.484,0.722,0.373,0.00557
27/12/2019 04:20,0.241,100.979,-13.477,0.412,0.811,0.392
27/12/2019 04:30,0.126,92.441,-18.014,0.552,0.956,0.0153
27/12/2019 04:40,0,0,0,0,0,0
27/12/2019 04:50,0,0,0,0,0,0
27/12/2019 05:00,0,0,0,0,0,0
27/12/2019 05:10,0,0,0,0,0,0
27/12/2019 05:20,0,0,0,0,0,0
27/12/2019 05:30,0,0,0,0,0,0
27/12/2019 05:40,0,0,0,0,0,0
27/12/2019 05:50,0,0,0,0,0,0
27/12/2019 06:00,0,0,0,0,0,0
27/12/2019 06:10,0,0,0,0,0,0
27/12/2019 06:20,0,0,0,0,0,0
27/12/2019 06:30,0,0,0,0,0,0
27/12/2019 06:40,0,0,0,0,0,0
27/12/2019 06:50,0,0,0,0,0,0
27/12/2019 07:00,0,0,0,0,0,0
27/12/2019 07:10,0,0,0,0,0,0
27/12/2019 07:20,0,0,0,0,0,0
27/12/2019 07:30,0,0,0,0,0,0
27/12/2019 07:40,0,0,0,0,0,0
27/12/2019 07:50,0,0,0,0,0,0
27/12/2019 08:00,0,0,0,0,0,0
27/12/2019 08:10,0.151,113.949,-11.498,0.552,0.961,0.00026
27/12/2019 08:20,0.373,154.166,-7.98,0.469,0.617,0.00000221
27/12/2019 08:30,0.489,170.029,-9.716,0.547,0.0955,0.426
27/12/2019 08:40,0.373,121.156,-7.781,0.862,0.00257,0.0783
27/12/2019 08:50,0.415,113.778,-8.573,0.924,0.0654,0.0000594
27/12/2019 09:00,0.389,103.995,-7.638,0.614,0.0452,0.206
27/12/2019 09:10,0.488,130.022,-5.796,0.753,0.0775,0.0813
27/12/2019 09:20,0.584,107.937,-6.453,0.583,0.0374,0
27/12/2019 09:30,0.449,82.971,-11.711,0.567,0.725,0.0591
27/12/2019 09:40,0.464,113.983,-8.481,0.709,0.534,0.575
27/12/2019 09:50,0.238,125.978,-12.831,0.61,0.801,0.432
27/12/2019 10:00,0.446,119.001,-8.911,0.658,0.0567,0.0648
27/12/2019 10:10,0.517,144.782,-10.275,0.694,0.0693,0.00000328
27/12/2019 10:20,0.56,80.006,-8.281,0.737,0.815,0.00164
27/12/2019 10:30,0.619,128.025,-5.697,0.839,0.364,0.00938
27/12/2019 10:40,0.55,127.942,-7.624,0.85,0.259,0.0000124
27/12/2019 10:50,0.643,125.132,-4.981,0.538,3.39E-05,0.00000181
27/12/2019 11:00,0.591,121.14,-6.713,0.659,0.441,0.000861
27/12/2019 11:10,0.507,116.05,-7.439,0.721,0.54,0.00000394
27/12/2019 11:20,0.617,121.062,-5.196,0.689,0.0918,0.0000202
27/12/2019 11:30,0.684,101.152,-7.354,0.824,0.00278,0.00000145
27/12/2019 11:40,0.733,104.027,-8.379,0.567,0.0292,0.501
27/12/2019 11:50,0.697,81.951,-4.648,0.597,0.107,0.0000396
27/12/2019 12:00,0.71,110.857,-5.658,0.375,0.502,0.00000166
27/12/2019 12:10,0.5,91.994,-9.944,0.699,0.322,0
27/12/2019 12:20,0.713,120.016,-5.987,0.606,0.0568,0.00262
27/12/2019 12:30,0.721,127.031,-4.082,0.665,0.00415,0.00095
27/12/2019 12:40,0.842,129.98,-7.27,0.641,0.132,0.91
27/12/2019 12:50,0.915,111.512,-3.62,0.602,0.0034,0
27/12/2019 13:00,0.809,133.036,-5.704,0.672,0.325,0
27/12/2019 13:10,0.702,124.017,-9.069,0.537,0.00297,0.00365
27/12/2019 13:20,0.834,164.02,-4.524,0.684,0.0646,0
27/12/2019 13:30,0.841,154.876,-5.35,0.563,0.263,0.000258
27/12/2019 13:40,0.86,147.948,-3.93,0.407,0.0837,0.0252
27/12/2019 13:50,0.715,137.028,-5.356,0.276,0.00552,0.000417
27/12/2019 14:00,0.77,133.961,-5.392,0.595,0.0129,0.00254
27/12/2019 14:10,0.811,104.988,-5.832,0.553,0.0449,0
27/12/2019 14:20,0.722,95.012,-4.039,0.683,0.0243,0.000042
27/12/2019 14:30,0.843,83.024,-6.247,0.644,0.261,0
27/12/2019 14:40,0.743,109.529,-5.773,0.447,0.115,0.00939
27/12/2019 14:50,0.895,133.035,-6.575,0.583,0.0696,0.826
27/12/2019 15:00,0.906,120.014,-4.213,0.542,0.021,0.00043
27/12/2019 15:10,0.912,97.038,-4.147,0.726,0.212,0.0563
27/12/2019 15:20,0.922,120.033,-1.829,0.732,0.0348,0
27/12/2019 15:30,0.876,102.762,-8.867,0.755,0.357,0.00000517
27/12/2019 15:40,0.849,100.111,-3.841,0.675,0.0938,0
27/12/2019 15:50,0.868,124.994,-3.287,0.708,0.0313,0
27/12/2019 16:00,0.834,120.026,-3.913,0.725,0.0784,0.0000127
27/12/2019 16:10,0.85,124.941,-2.785,0.68,0.203,0.00000188
27/12/2019 16:20,0.76,89.97,-3.688,0.625,0.211,0.000039
27/12/2019 16:30,0.942,123.99,-4.21,0.68,0.175,0.0013
27/12/2019 16:40,0.739,76.977,-6.763,0.4,9.52E-06,0.443
27/12/2019 16:50,0.751,96.999,-8.801,0.584,0.00787,0.0000314
27/12/2019 17:00,0.839,92.306,-4.5,0.614,0.0985,0.0743
27/12/2019 17:10,0.721,90.986,-5.446,0.775,0.369,0.00513
27/12/2019 17:20,0.905,153.398,-5.653,0.542,0.00172,0.0104
27/12/2019 17:30,0.7,173.985,-8.561,0.499,0.00171,0.126
27/12/2019 17:40,0.781,100.909,-5.536,0.703,0.262,0.544
27/12/2019 17:50,0.71,127.975,-5.849,0.733,0.145,0.115
27/12/2019 18:00,0.544,120.002,-9.518,0.854,0.148,0.388
27/12/2019 18:10,0.765,154.971,-5.487,0.746,0.366,0.00156
27/12/2019 18:20,0.768,161.909,-5.845,0.428,0.0779,0.646
27/12/2019 18:30,0.801,130.76,-4.182,0.77,0.00375,0.00281
27/12/2019 18:40,0.587,111.97,-4.589,0.855,0.0505,0.00714
27/12/2019 18:50,0.891,95.295,-2.398,0.92,0.0313,0
27/12/2019 19:00,0.812,124.909,-3.352,0.722,0.0205,0.0000251
27/12/2019 19:10,0.378,84.904,-10.964,0.557,0.645,0.151
27/12/2019 19:20,0.438,126.014,-11.63,0.561,0.435,0.201
27/12/2019 19:30,0.434,130.001,-13.572,0.589,0.742,0.179
27/12/2019 19:40,0.524,96.195,-8.549,0.682,0.303,0.00869
27/12/2019 19:50,0.895,124.964,-3.787,0.669,0.128,0
27/12/2019 20:00,0.673,174.001,-9.001,0.633,0.399,0.0000444
27/12/2019 20:10,0.516,117.862,-11.084,0.569,0.624,0.828
27/12/2019 20:20,0.677,95.792,-7.19,0.634,0.318,0
27/12/2019 20:30,0.76,121.496,-3.935,0.576,0.656,0
27/12/2019 20:40,0.608,112.367,-9.786,0.552,0.352,0
27/12/2019 20:50,0.517,99.723,-7.276,0.222,0.0164,0.00105
27/12/2019 21:00,0.524,106.094,-8.656,0.275,0.785,0.0000146
27/12/2019 21:10,0.563,78.674,-6.826,0.584,0.137,0.0000183
27/12/2019 21:20,0.579,123.817,-4.816,0.561,0.147,0
27/12/2019 21:30,0.794,125.616,-5.46,0.479,0.0663,0
27/12/2019 21:40,0.616,177.061,-10.827,0.708,0.445,0
27/12/2019 21:50,0.529,133.78,-9.861,0.66,0.356,0
27/12/2019 22:00,0.422,88.019,-12.971,0.711,0.908,0.754
27/12/2019 22:10,0.595,124.196,-12.928,0.719,0.598,0.000396
27/12/2019 22:20,0.434,82.602,-10.365,0.407,0.273,0.00079
27/12/2019 22:30,0.461,87.009,-5.646,0.485,0.44,0
27/12/2019 22:40,0.554,104.058,-6.789,0.769,0.526,0.00309
27/12/2019 22:50,0.362,100.561,-12.442,0.579,0.71,0.00053
27/12/2019 23:00,0.403,168.455,-11.014,0.275,0.257,0.000526
27/12/2019 23:10,0.399,86.064,-8.52,0.601,0.744,0
27/12/2019 23:20,0.207,109.043,-14.154,0.715,0.912,0
27/12/2019 23:30,0.246,72.015,-11.378,0.683,0.778,0.00907
27/12/2019 23:40,0.0735,120.238,-15.621,0.45,0.956,0.0503
27/12/2019 23:50,0.283,97.972,-16.793,0.761,0.839,0.291
28/12/2019 00:00,0.151,127.344,-14.161,0.592,0.912,0.696
